--
-- PostgreSQL database dump
--

-- Dumped from database version 16.6 (Ubuntu 16.6-1.pgdg22.04+1)
-- Dumped by pg_dump version 17.2 (Ubuntu 17.2-1.pgdg22.04+1)

SET statement_timeout = 0;
SET lock_timeout = 0;
SET idle_in_transaction_session_timeout = 0;
SET transaction_timeout = 0;
SET client_encoding = 'UTF8';
SET standard_conforming_strings = on;
SELECT pg_catalog.set_config('search_path', '', false);
SET check_function_bodies = false;
SET xmloption = content;
SET client_min_messages = warning;
SET row_security = off;

SET default_tablespace = '';

SET default_table_access_method = heap;

--
-- Name: auth_group; Type: TABLE; Schema: public; Owner: postgres
--

CREATE TABLE public.auth_group (
    id integer NOT NULL,
    name character varying(150) NOT NULL
);


ALTER TABLE public.auth_group OWNER TO postgres;

--
-- Name: auth_group_id_seq; Type: SEQUENCE; Schema: public; Owner: postgres
--

ALTER TABLE public.auth_group ALTER COLUMN id ADD GENERATED BY DEFAULT AS IDENTITY (
    SEQUENCE NAME public.auth_group_id_seq
    START WITH 1
    INCREMENT BY 1
    NO MINVALUE
    NO MAXVALUE
    CACHE 1
);


--
-- Name: auth_group_permissions; Type: TABLE; Schema: public; Owner: postgres
--

CREATE TABLE public.auth_group_permissions (
    id bigint NOT NULL,
    group_id integer NOT NULL,
    permission_id integer NOT NULL
);


ALTER TABLE public.auth_group_permissions OWNER TO postgres;

--
-- Name: auth_group_permissions_id_seq; Type: SEQUENCE; Schema: public; Owner: postgres
--

ALTER TABLE public.auth_group_permissions ALTER COLUMN id ADD GENERATED BY DEFAULT AS IDENTITY (
    SEQUENCE NAME public.auth_group_permissions_id_seq
    START WITH 1
    INCREMENT BY 1
    NO MINVALUE
    NO MAXVALUE
    CACHE 1
);


--
-- Name: auth_permission; Type: TABLE; Schema: public; Owner: postgres
--

CREATE TABLE public.auth_permission (
    id integer NOT NULL,
    name character varying(255) NOT NULL,
    content_type_id integer NOT NULL,
    codename character varying(100) NOT NULL
);


ALTER TABLE public.auth_permission OWNER TO postgres;

--
-- Name: auth_permission_id_seq; Type: SEQUENCE; Schema: public; Owner: postgres
--

ALTER TABLE public.auth_permission ALTER COLUMN id ADD GENERATED BY DEFAULT AS IDENTITY (
    SEQUENCE NAME public.auth_permission_id_seq
    START WITH 1
    INCREMENT BY 1
    NO MINVALUE
    NO MAXVALUE
    CACHE 1
);


--
-- Name: auth_user; Type: TABLE; Schema: public; Owner: postgres
--

CREATE TABLE public.auth_user (
    id integer NOT NULL,
    password character varying(128) NOT NULL,
    last_login timestamp with time zone,
    is_superuser boolean NOT NULL,
    username character varying(150) NOT NULL,
    first_name character varying(150) NOT NULL,
    last_name character varying(150) NOT NULL,
    email character varying(254) NOT NULL,
    is_staff boolean NOT NULL,
    is_active boolean NOT NULL,
    date_joined timestamp with time zone NOT NULL
);


ALTER TABLE public.auth_user OWNER TO postgres;

--
-- Name: auth_user_groups; Type: TABLE; Schema: public; Owner: postgres
--

CREATE TABLE public.auth_user_groups (
    id bigint NOT NULL,
    user_id integer NOT NULL,
    group_id integer NOT NULL
);


ALTER TABLE public.auth_user_groups OWNER TO postgres;

--
-- Name: auth_user_groups_id_seq; Type: SEQUENCE; Schema: public; Owner: postgres
--

ALTER TABLE public.auth_user_groups ALTER COLUMN id ADD GENERATED BY DEFAULT AS IDENTITY (
    SEQUENCE NAME public.auth_user_groups_id_seq
    START WITH 1
    INCREMENT BY 1
    NO MINVALUE
    NO MAXVALUE
    CACHE 1
);


--
-- Name: auth_user_id_seq; Type: SEQUENCE; Schema: public; Owner: postgres
--

ALTER TABLE public.auth_user ALTER COLUMN id ADD GENERATED BY DEFAULT AS IDENTITY (
    SEQUENCE NAME public.auth_user_id_seq
    START WITH 1
    INCREMENT BY 1
    NO MINVALUE
    NO MAXVALUE
    CACHE 1
);


--
-- Name: auth_user_user_permissions; Type: TABLE; Schema: public; Owner: postgres
--

CREATE TABLE public.auth_user_user_permissions (
    id bigint NOT NULL,
    user_id integer NOT NULL,
    permission_id integer NOT NULL
);


ALTER TABLE public.auth_user_user_permissions OWNER TO postgres;

--
-- Name: auth_user_user_permissions_id_seq; Type: SEQUENCE; Schema: public; Owner: postgres
--

ALTER TABLE public.auth_user_user_permissions ALTER COLUMN id ADD GENERATED BY DEFAULT AS IDENTITY (
    SEQUENCE NAME public.auth_user_user_permissions_id_seq
    START WITH 1
    INCREMENT BY 1
    NO MINVALUE
    NO MAXVALUE
    CACHE 1
);


--
-- Name: contact_contact; Type: TABLE; Schema: public; Owner: postgres
--

CREATE TABLE public.contact_contact (
    id bigint NOT NULL,
    name character varying(100) NOT NULL,
    email character varying(254) NOT NULL,
    subject character varying(255) NOT NULL,
    message text NOT NULL,
    created_at timestamp with time zone NOT NULL
);


ALTER TABLE public.contact_contact OWNER TO postgres;

--
-- Name: contact_contact_id_seq; Type: SEQUENCE; Schema: public; Owner: postgres
--

CREATE SEQUENCE public.contact_contact_id_seq
    START WITH 1
    INCREMENT BY 1
    NO MINVALUE
    NO MAXVALUE
    CACHE 1;


ALTER SEQUENCE public.contact_contact_id_seq OWNER TO postgres;

--
-- Name: contact_contact_id_seq; Type: SEQUENCE OWNED BY; Schema: public; Owner: postgres
--

ALTER SEQUENCE public.contact_contact_id_seq OWNED BY public.contact_contact.id;


--
-- Name: django_admin_log; Type: TABLE; Schema: public; Owner: postgres
--

CREATE TABLE public.django_admin_log (
    id integer NOT NULL,
    action_time timestamp with time zone NOT NULL,
    object_id text,
    object_repr character varying(200) NOT NULL,
    action_flag smallint NOT NULL,
    change_message text NOT NULL,
    content_type_id integer,
    user_id integer NOT NULL,
    CONSTRAINT django_admin_log_action_flag_check CHECK ((action_flag >= 0))
);


ALTER TABLE public.django_admin_log OWNER TO postgres;

--
-- Name: django_admin_log_id_seq; Type: SEQUENCE; Schema: public; Owner: postgres
--

ALTER TABLE public.django_admin_log ALTER COLUMN id ADD GENERATED BY DEFAULT AS IDENTITY (
    SEQUENCE NAME public.django_admin_log_id_seq
    START WITH 1
    INCREMENT BY 1
    NO MINVALUE
    NO MAXVALUE
    CACHE 1
);


--
-- Name: django_content_type; Type: TABLE; Schema: public; Owner: postgres
--

CREATE TABLE public.django_content_type (
    id integer NOT NULL,
    app_label character varying(100) NOT NULL,
    model character varying(100) NOT NULL
);


ALTER TABLE public.django_content_type OWNER TO postgres;

--
-- Name: django_content_type_id_seq; Type: SEQUENCE; Schema: public; Owner: postgres
--

ALTER TABLE public.django_content_type ALTER COLUMN id ADD GENERATED BY DEFAULT AS IDENTITY (
    SEQUENCE NAME public.django_content_type_id_seq
    START WITH 1
    INCREMENT BY 1
    NO MINVALUE
    NO MAXVALUE
    CACHE 1
);


--
-- Name: django_migrations; Type: TABLE; Schema: public; Owner: postgres
--

CREATE TABLE public.django_migrations (
    id bigint NOT NULL,
    app character varying(255) NOT NULL,
    name character varying(255) NOT NULL,
    applied timestamp with time zone NOT NULL
);


ALTER TABLE public.django_migrations OWNER TO postgres;

--
-- Name: django_migrations_id_seq; Type: SEQUENCE; Schema: public; Owner: postgres
--

ALTER TABLE public.django_migrations ALTER COLUMN id ADD GENERATED BY DEFAULT AS IDENTITY (
    SEQUENCE NAME public.django_migrations_id_seq
    START WITH 1
    INCREMENT BY 1
    NO MINVALUE
    NO MAXVALUE
    CACHE 1
);


--
-- Name: django_session; Type: TABLE; Schema: public; Owner: postgres
--

CREATE TABLE public.django_session (
    session_key character varying(40) NOT NULL,
    session_data text NOT NULL,
    expire_date timestamp with time zone NOT NULL
);


ALTER TABLE public.django_session OWNER TO postgres;

--
-- Name: projects_project; Type: TABLE; Schema: public; Owner: postgres
--

CREATE TABLE public.projects_project (
    id bigint NOT NULL,
    name character varying(255) NOT NULL,
    image character varying(200) NOT NULL,
    github_url character varying(200) NOT NULL,
    description character varying(255) NOT NULL
);


ALTER TABLE public.projects_project OWNER TO postgres;

--
-- Name: projects_project_id_seq; Type: SEQUENCE; Schema: public; Owner: postgres
--

CREATE SEQUENCE public.projects_project_id_seq
    START WITH 1
    INCREMENT BY 1
    NO MINVALUE
    NO MAXVALUE
    CACHE 1;


ALTER SEQUENCE public.projects_project_id_seq OWNER TO postgres;

--
-- Name: projects_project_id_seq; Type: SEQUENCE OWNED BY; Schema: public; Owner: postgres
--

ALTER SEQUENCE public.projects_project_id_seq OWNED BY public.projects_project.id;


--
-- Name: todo_react; Type: TABLE; Schema: public; Owner: postgres
--

CREATE TABLE public.todo_react (
    id bigint NOT NULL,
    item character varying(30) NOT NULL
);


ALTER TABLE public.todo_react OWNER TO postgres;

--
-- Name: todo_react_id_seq; Type: SEQUENCE; Schema: public; Owner: postgres
--

ALTER TABLE public.todo_react ALTER COLUMN id ADD GENERATED BY DEFAULT AS IDENTITY (
    SEQUENCE NAME public.todo_react_id_seq
    START WITH 1
    INCREMENT BY 1
    NO MINVALUE
    NO MAXVALUE
    CACHE 1
);


--
-- Name: writing_post; Type: TABLE; Schema: public; Owner: postgres
--

CREATE TABLE public.writing_post (
    id bigint NOT NULL,
    title character varying(255) NOT NULL,
    body text NOT NULL,
    publication_date date,
    created_on date
);


ALTER TABLE public.writing_post OWNER TO postgres;

--
-- Name: writing_post_id_seq; Type: SEQUENCE; Schema: public; Owner: postgres
--

CREATE SEQUENCE public.writing_post_id_seq
    START WITH 1
    INCREMENT BY 1
    NO MINVALUE
    NO MAXVALUE
    CACHE 1;


ALTER SEQUENCE public.writing_post_id_seq OWNER TO postgres;

--
-- Name: writing_post_id_seq; Type: SEQUENCE OWNED BY; Schema: public; Owner: postgres
--

ALTER SEQUENCE public.writing_post_id_seq OWNED BY public.writing_post.id;


--
-- Name: contact_contact id; Type: DEFAULT; Schema: public; Owner: postgres
--

ALTER TABLE ONLY public.contact_contact ALTER COLUMN id SET DEFAULT nextval('public.contact_contact_id_seq'::regclass);


--
-- Name: projects_project id; Type: DEFAULT; Schema: public; Owner: postgres
--

ALTER TABLE ONLY public.projects_project ALTER COLUMN id SET DEFAULT nextval('public.projects_project_id_seq'::regclass);


--
-- Name: writing_post id; Type: DEFAULT; Schema: public; Owner: postgres
--

ALTER TABLE ONLY public.writing_post ALTER COLUMN id SET DEFAULT nextval('public.writing_post_id_seq'::regclass);


--
-- Data for Name: auth_group; Type: TABLE DATA; Schema: public; Owner: postgres
--

COPY public.auth_group (id, name) FROM stdin;
\.


--
-- Data for Name: auth_group_permissions; Type: TABLE DATA; Schema: public; Owner: postgres
--

COPY public.auth_group_permissions (id, group_id, permission_id) FROM stdin;
\.


--
-- Data for Name: auth_permission; Type: TABLE DATA; Schema: public; Owner: postgres
--

COPY public.auth_permission (id, name, content_type_id, codename) FROM stdin;
1	Can add log entry	1	add_logentry
2	Can change log entry	1	change_logentry
3	Can delete log entry	1	delete_logentry
4	Can view log entry	1	view_logentry
5	Can add permission	2	add_permission
6	Can change permission	2	change_permission
7	Can delete permission	2	delete_permission
8	Can view permission	2	view_permission
9	Can add group	3	add_group
10	Can change group	3	change_group
11	Can delete group	3	delete_group
12	Can view group	3	view_group
13	Can add user	4	add_user
14	Can change user	4	change_user
15	Can delete user	4	delete_user
16	Can view user	4	view_user
17	Can add content type	5	add_contenttype
18	Can change content type	5	change_contenttype
19	Can delete content type	5	delete_contenttype
20	Can view content type	5	view_contenttype
21	Can add session	6	add_session
22	Can change session	6	change_session
23	Can delete session	6	delete_session
24	Can view session	6	view_session
25	Can add react	7	add_react
26	Can change react	7	change_react
27	Can delete react	7	delete_react
28	Can view react	7	view_react
29	Can add blog	8	add_blog
30	Can change blog	8	change_blog
31	Can delete blog	8	delete_blog
32	Can view blog	8	view_blog
33	Can add board	9	add_board
34	Can change board	9	change_board
35	Can delete board	9	delete_board
36	Can view board	9	view_board
37	Can add game	10	add_game
38	Can change game	10	change_game
39	Can delete game	10	delete_game
40	Can view game	10	view_game
41	Can add post	11	add_post
42	Can change post	11	change_post
43	Can delete post	11	delete_post
44	Can view post	11	view_post
45	Can add project	12	add_project
46	Can change project	12	change_project
47	Can delete project	12	delete_project
48	Can view project	12	view_project
49	Can add contact	13	add_contact
50	Can change contact	13	change_contact
51	Can delete contact	13	delete_contact
52	Can view contact	13	view_contact
\.


--
-- Data for Name: auth_user; Type: TABLE DATA; Schema: public; Owner: postgres
--

COPY public.auth_user (id, password, last_login, is_superuser, username, first_name, last_name, email, is_staff, is_active, date_joined) FROM stdin;
1	pbkdf2_sha256$870000$d9hip07fnoLO19E6kuj1gq$A5pSCWp5cSRlKjcww9trQ45ckNA8cSG96sdUEUsCpi8=	2024-12-17 17:18:46.109775+00	t	spurser			solmaz@hotmail.co.uk	t	t	2024-03-01 16:57:53.802467+00
\.


--
-- Data for Name: auth_user_groups; Type: TABLE DATA; Schema: public; Owner: postgres
--

COPY public.auth_user_groups (id, user_id, group_id) FROM stdin;
\.


--
-- Data for Name: auth_user_user_permissions; Type: TABLE DATA; Schema: public; Owner: postgres
--

COPY public.auth_user_user_permissions (id, user_id, permission_id) FROM stdin;
\.


--
-- Data for Name: contact_contact; Type: TABLE DATA; Schema: public; Owner: postgres
--

COPY public.contact_contact (id, name, email, subject, message, created_at) FROM stdin;
\.


--
-- Data for Name: django_admin_log; Type: TABLE DATA; Schema: public; Owner: postgres
--

COPY public.django_admin_log (id, action_time, object_id, object_repr, action_flag, change_message, content_type_id, user_id) FROM stdin;
1	2024-11-05 13:52:08.154649+00	1	Post object (1)	1	[{"added": {}}]	11	1
2	2024-11-05 16:16:25.330267+00	16	hello	3		7	1
3	2024-11-05 16:21:56.731352+00	1	blah blah	2	[]	11	1
4	2024-11-05 16:35:14.5565+00	2	chesses	1	[{"added": {}}]	11	1
5	2024-11-05 16:46:49.159766+00	1	blah blah	2	[]	11	1
6	2024-11-05 17:51:32.337854+00	2	chesses	2	[]	11	1
7	2024-11-05 17:55:15.899705+00	2	chesses	2	[]	11	1
8	2024-11-05 18:54:44.624692+00	2	blog 1	2	[{"changed": {"fields": ["Title", "Body"]}}]	11	1
9	2024-11-05 18:58:30.983912+00	1	blah blah	2	[]	11	1
10	2024-11-05 18:58:54.118897+00	2	blog 1	2	[]	11	1
11	2024-11-05 18:59:56.980061+00	1	Blog 2	2	[{"changed": {"fields": ["Title", "Body"]}}]	11	1
12	2024-11-05 19:00:04.38446+00	2	Blog 1	2	[{"changed": {"fields": ["Title"]}}]	11	1
13	2024-11-05 19:14:47.415273+00	2	Blog 1	2	[]	11	1
14	2024-11-05 19:44:40.713541+00	2	Blog 1	2	[]	11	1
15	2024-11-05 20:43:06.271809+00	1	Foodshare	1	[{"added": {}}]	12	1
16	2024-11-10 16:32:22.937421+00	2	Blog 1	2	[]	11	1
17	2024-11-10 16:32:26.629484+00	1	Blog 2	2	[]	11	1
18	2024-11-10 16:34:24.43098+00	1	Blog 2	2	[]	11	1
19	2024-11-10 16:58:21.763627+00	2	This is default content for existing posts	2	[]	11	1
20	2024-11-10 17:05:48.686645+00	1	This is default content for existing posts	3		11	1
21	2024-11-10 17:05:56.358439+00	2	This is default content for existing posts	3		11	1
22	2024-11-10 17:23:49.138202+00	1	Blog 1	1	[{"added": {}}]	11	1
23	2024-11-10 17:44:05.620391+00	1	Blog 1	2	[]	11	1
24	2024-11-10 17:44:07.508867+00	1	Blog 1	2	[]	11	1
25	2024-11-10 17:44:25.125823+00	2	Blog 2	1	[{"added": {}}]	11	1
26	2024-11-20 13:04:29.687888+00	1	AXELOS blog posts	2	[{"changed": {"fields": ["Title", "Body", "Publication date", "Created on"]}}]	11	1
27	2024-11-20 13:49:06.15104+00	1	AXELOS blog posts	2	[{"changed": {"fields": ["Body"]}}]	11	1
28	2024-11-20 13:49:25.42397+00	1	AXELOS blog posts	2	[]	11	1
29	2024-11-20 13:50:04.720826+00	1	AXELOS blog posts	2	[]	11	1
30	2024-11-20 18:25:27.063725+00	2	AXELOS blog post: How to use ITIL when working from home	2	[{"changed": {"fields": ["Title", "Body"]}}]	11	1
31	2024-11-20 18:25:29.343963+00	2	AXELOS blog post: How to use ITIL when working from home	2	[]	11	1
32	2024-11-20 18:25:55.600115+00	1	AXELOS blog posts	2	[]	11	1
33	2024-11-20 18:25:57.079238+00	1	AXELOS blog posts	2	[]	11	1
34	2024-11-20 18:26:00.506665+00	1	AXELOS blog posts	2	[]	11	1
35	2024-11-20 18:26:54.014146+00	2	AXELOS blog post: How to use ITIL when working from home	2	[{"changed": {"fields": ["Body", "Publication date", "Created on"]}}]	11	1
36	2024-11-20 18:27:09.335813+00	1	AXELOS blog post: ITIL 4 Foundation – 7 tips to prepare	2	[{"changed": {"fields": ["Title"]}}]	11	1
37	2024-11-20 18:29:26.268189+00	3	AXELOS blog post: How to use a Kanban board to plan Valentine’s Day	1	[{"added": {}}]	11	1
38	2024-11-20 18:31:24.713329+00	4	AXELOS blog post: Using ITIL's concepts: four types of organizational structure	1	[{"added": {}}]	11	1
39	2024-11-20 19:09:06.648825+00	5	AXELOS blog post: Celebrating International Women’s Day	1	[{"added": {}}]	11	1
40	2024-11-20 19:09:07.970088+00	5	AXELOS blog post: Celebrating International Women’s Day	2	[]	11	1
41	2024-11-20 19:14:57.892594+00	6	AXELOS blog post: International Women's Day 2021: A Conversation with Katie Sellers	1	[{"added": {}}]	11	1
42	2024-11-20 19:18:29.514328+00	7	AXELOS blog post: Using ITIL’s concepts: ten techniques to prioritize work	1	[{"added": {}}]	11	1
43	2024-11-20 19:18:30.670965+00	7	AXELOS blog post: Using ITIL’s concepts: ten techniques to prioritize work	2	[]	11	1
44	2024-11-20 19:20:46.131172+00	8	AXELOS blog post: How to use ITIL 4 Create, Deliver and Support in the new normal	1	[{"added": {}}]	11	1
45	2024-11-20 19:30:05.027021+00	9	Using PRINCE2 in the apocalypse	1	[{"added": {}}]	11	1
46	2024-11-20 19:31:31.663731+00	10	AXELOs blog post: Job hunting using ITIL	1	[{"added": {}}]	11	1
47	2024-11-20 19:38:53.2634+00	11	An introduction to Kanban	1	[{"added": {}}]	11	1
48	2024-11-20 19:40:45.39398+00	8	AXELOS blog post: How to use ITIL 4 Create, Deliver and Support in the new normal	2	[{"changed": {"fields": ["Body"]}}]	11	1
49	2024-11-20 19:41:27.408497+00	2	AXELOS blog post: How to use ITIL when working from home	2	[]	11	1
50	2024-11-20 19:41:58.512205+00	2	AXELOS blog post: How to use ITIL when working from home	2	[]	11	1
51	2024-11-20 19:44:26.460823+00	2	AXELOS blog post: How to use ITIL when working from home	2	[]	11	1
52	2024-11-20 19:49:05.543757+00	2	How to use ITIL when working from home	2	[{"changed": {"fields": ["Title", "Body"]}}]	11	1
53	2024-11-20 19:51:56.57473+00	3	How to use a Kanban board to plan Valentine’s Day	2	[{"changed": {"fields": ["Title", "Body"]}}]	11	1
54	2024-11-20 19:53:20.394977+00	4	Using ITIL's concepts: four types of organizational structure	2	[{"changed": {"fields": ["Title", "Body"]}}]	11	1
55	2024-11-20 19:54:29.849594+00	7	AXELOS blog post: Using ITIL’s concepts: ten techniques to prioritize work	2	[{"changed": {"fields": ["Body"]}}]	11	1
56	2024-11-20 19:54:37.833615+00	8	How to use ITIL 4 Create, Deliver and Support in the new normal	2	[{"changed": {"fields": ["Title"]}}]	11	1
57	2024-11-20 19:54:44.252237+00	7	Using ITIL’s concepts: ten techniques to prioritize work	2	[{"changed": {"fields": ["Title"]}}]	11	1
58	2024-11-20 19:54:48.999236+00	6	International Women's Day 2021: A Conversation with Katie Sellers	2	[{"changed": {"fields": ["Title"]}}]	11	1
59	2024-11-20 19:54:55.838107+00	5	Celebrating International Women’s Day	2	[{"changed": {"fields": ["Title"]}}]	11	1
60	2024-11-20 19:55:01.118179+00	1	ITIL 4 Foundation – 7 tips to prepare	2	[{"changed": {"fields": ["Title"]}}]	11	1
61	2024-11-20 19:55:07.489188+00	10	Job hunting using ITIL	2	[{"changed": {"fields": ["Title"]}}]	11	1
62	2024-11-20 20:48:35.877003+00	12	Centralized change management at Calpine Case Study	1	[{"added": {}}]	11	1
63	2024-11-20 22:19:05.762162+00	1	Foodshare	2	[{"changed": {"fields": ["Description"]}}]	12	1
64	2024-11-20 22:20:17.940049+00	1	Foodshare	2	[{"changed": {"fields": ["Description"]}}]	12	1
65	2024-11-20 22:24:52.575559+00	1	Foodshare	2	[]	12	1
66	2024-11-20 22:28:04.536799+00	1	Foodshare	2	[]	12	1
67	2024-11-20 22:43:30.074325+00	1	Foodshare	2	[]	12	1
68	2024-11-20 22:46:28.721297+00	2	Words to images	1	[{"added": {}}]	12	1
69	2024-11-20 22:47:18.861682+00	2	Words to images	2	[{"changed": {"fields": ["Image"]}}]	12	1
70	2024-11-20 23:12:10.215745+00	2	Words to images	2	[{"changed": {"fields": ["Image"]}}]	12	1
71	2024-11-20 23:13:22.171104+00	1	Foodshare	2	[]	12	1
72	2024-11-20 23:13:26.771827+00	2	Words to images	2	[{"changed": {"fields": ["Image"]}}]	12	1
73	2024-11-20 23:22:48.329554+00	2	Words to images	2	[]	12	1
74	2024-11-20 23:25:00.079789+00	2	Words to images	2	[{"changed": {"fields": ["Image"]}}]	12	1
75	2024-11-20 23:25:58.286049+00	2	Words to images	2	[{"changed": {"fields": ["Image"]}}]	12	1
76	2024-11-20 23:26:25.16516+00	2	Words to images	2	[]	12	1
77	2024-11-20 23:26:34.810464+00	1	Foodshare	2	[]	12	1
78	2024-11-20 23:27:54.382404+00	2	Words to images	2	[{"changed": {"fields": ["Image"]}}]	12	1
79	2024-11-20 23:31:39.080329+00	2	Words to images	2	[]	12	1
80	2024-11-20 23:34:42.760261+00	2	Words to images	2	[{"changed": {"fields": ["Image"]}}]	12	1
81	2024-11-20 23:35:18.824799+00	2	Words to images	2	[]	12	1
82	2024-11-20 23:36:47.260908+00	1	Foodshare	2	[]	12	1
83	2024-11-20 23:37:05.78302+00	2	Words to images	2	[]	12	1
84	2024-11-20 23:42:13.780092+00	2	Words to images	2	[]	12	1
85	2024-11-20 23:43:56.01102+00	2	Words to images	2	[{"changed": {"fields": ["Image"]}}]	12	1
86	2024-11-20 23:46:03.249748+00	3	Tic Tac Toe Tech Test in Python	1	[{"added": {}}]	12	1
87	2024-11-20 23:46:31.415879+00	3	Tic Tac Toe Tech Test in Python	2	[{"changed": {"fields": ["Image"]}}]	12	1
88	2024-11-20 23:47:18.360758+00	3	Tic Tac Toe Tech Test in Python	2	[]	12	1
89	2024-11-20 23:47:46.119114+00	3	Tic Tac Toe Tech Test in Python	2	[{"changed": {"fields": ["Image"]}}]	12	1
90	2024-11-20 23:49:46.201225+00	3	Tic Tac Toe Tech Test in Python	2	[{"changed": {"fields": ["Image"]}}]	12	1
91	2024-11-20 23:52:31.429682+00	3	Tic Tac Toe Tech Test in Python	2	[{"changed": {"fields": ["Image"]}}]	12	1
92	2024-11-20 23:57:09.12098+00	3	Tic Tac Toe Tech Test in Python	2	[{"changed": {"fields": ["Image"]}}]	12	1
93	2024-11-20 23:58:50.27127+00	4	Codewars	1	[{"added": {}}]	12	1
94	2024-11-20 23:59:33.346126+00	4	Codewars	2	[{"changed": {"fields": ["Image"]}}]	12	1
95	2024-11-21 00:07:57.471813+00	5	Unify Giving project	1	[{"added": {}}]	12	1
96	2024-11-21 00:09:24.451769+00	5	Unify Giving project	2	[{"changed": {"fields": ["Image"]}}]	12	1
97	2024-11-21 00:10:46.972679+00	5	Unify Giving project	2	[{"changed": {"fields": ["Image"]}}]	12	1
98	2024-11-21 00:12:17.15066+00	5	Unify Giving project	2	[{"changed": {"fields": ["Image"]}}]	12	1
99	2024-11-21 23:33:45.818296+00	24	Message from Solmaz Purser (solmaz@hotmail.co.uk)	3		13	1
100	2024-11-21 23:33:45.839338+00	23	Message from Solmaz Purser (solmaz@hotmail.co.uk)	3		13	1
101	2024-11-21 23:33:45.842659+00	22	Message from Solmaz Purser (solmaz@hotmail.co.uk)	3		13	1
102	2024-11-21 23:33:45.847863+00	21	Message from Solmaz Purser (purser@blueyonder.co.uk)	3		13	1
103	2024-11-21 23:33:45.852964+00	20	Message from Solmaz Purser (purser@blueyonder.co.uk)	3		13	1
104	2024-11-21 23:33:45.857248+00	19	Message from Solmaz Purser (purser@blueyonder.co.uk)	3		13	1
105	2024-11-21 23:33:45.860534+00	18	Message from Solmaz Purser (solmaz@hotmail.co.uk)	3		13	1
106	2024-11-21 23:33:45.863953+00	17	Message from Solmaz Purser (solmaz@hotmail.co.uk)	3		13	1
107	2024-11-21 23:33:45.868547+00	16	Message from Solmaz Purser (solmaz@hotmail.co.uk)	3		13	1
108	2024-11-21 23:33:45.87218+00	15	Message from Solmaz Purser (solmaz@hotmail.co.uk)	3		13	1
109	2024-11-21 23:33:45.876574+00	14	Message from Solmaz Purser (solmaz@hotmail.co.uk)	3		13	1
110	2024-11-21 23:33:45.879841+00	13	Message from Solmaz Purser (solmaz@hotmail.co.uk)	3		13	1
111	2024-11-21 23:33:45.883269+00	12	Message from Solmaz Purser (solmaz@hotmail.co.uk)	3		13	1
112	2024-11-21 23:33:45.886203+00	11	Message from Solmaz Purser (solmaz@hotmail.co.uk)	3		13	1
113	2024-11-21 23:33:45.889231+00	10	Message from Solmaz Purser (solmaz@hotmail.co.uk)	3		13	1
114	2024-11-21 23:33:45.894575+00	9	Message from Solmaz Purser (solmaz@hotmail.co.uk)	3		13	1
115	2024-11-21 23:33:45.898533+00	8	Message from Solmaz Purser (solmaz@hotmail.co.uk)	3		13	1
116	2024-11-21 23:33:45.902067+00	7	Message from Solmaz Purser (solmaz@hotmail.co.uk)	3		13	1
117	2024-11-21 23:33:45.90505+00	6	Message from Solmaz Purser (solmaz@hotmail.co.uk)	3		13	1
118	2024-11-21 23:33:45.90948+00	5	Message from Solmaz Purser (solmaz@hotmail.co.uk)	3		13	1
119	2024-11-21 23:33:45.913773+00	4	Message from Solmaz Purser (purser@blueyonder.co.uk)	3		13	1
120	2024-11-21 23:33:45.917698+00	3	Message from Solmaz Purser (purser@blueyonder.co.uk)	3		13	1
121	2024-11-21 23:33:45.922187+00	2	Message from John Doe (johndoe@example.com)	3		13	1
122	2024-11-21 23:33:45.926761+00	1	Message from John Doe (johndoe@example.com)	3		13	1
123	2024-11-21 23:43:04.896471+00	26	Message from Solmaz Purser (solmaz@hotmail.co.uk)	3		13	1
124	2024-11-21 23:43:08.47236+00	25	Message from Solmaz Purser (solmaz@hotmail.co.uk)	3		13	1
125	2024-11-21 23:46:22.355376+00	27	Message from Solmaz Purser (solmaz@hotmail.co.uk)	3		13	1
126	2024-11-22 00:53:57.577089+00	33	Message from Solmaz Purser (solmaz@hotmail.co.uk)	3		13	1
127	2024-11-22 00:53:57.598434+00	32	Message from Solmaz Purser (solmaz@hotmail.co.uk)	3		13	1
128	2024-11-22 00:53:57.601072+00	31	Message from Solmaz Purser (solmaz@hotmail.co.uk)	3		13	1
129	2024-11-22 00:53:57.603749+00	30	Message from Solmaz Purser (solmaz@hotmail.co.uk)	3		13	1
130	2024-11-22 00:53:57.607693+00	29	Message from Solmaz Purser (solmazpurser@gmail.com)	3		13	1
131	2024-11-22 00:53:57.610397+00	28	Message from Solmaz Purser (solmazpurser@gmail.com)	3		13	1
132	2024-11-22 01:28:01.263256+00	38	Message from Solmaz Purser (solmaz@hotmail.co.uk)	3		13	1
133	2024-11-22 01:28:01.27988+00	37	Message from Solmaz Purser (solmaz@hotmail.co.uk)	3		13	1
134	2024-11-22 01:28:01.282573+00	36	Message from Solmaz Purser (solmaz@hotmail.co.uk)	3		13	1
135	2024-11-22 01:28:01.285567+00	35	Message from Solmaz Purser (solmaz@hotmail.co.uk)	3		13	1
136	2024-11-22 01:28:01.288757+00	34	Message from Solmaz Purser (solmazpurser@gmail.com)	3		13	1
137	2024-11-22 18:07:48.789004+00	52	Message from Solmaz Purser (solmaz@hotmail.co.uk)	3		13	1
138	2024-11-22 18:07:48.803307+00	51	Message from Solmaz Purser (solmazpurser@gmail.com)	3		13	1
139	2024-11-22 18:07:48.806703+00	50	Message from Solmaz Purser (solmaz@hotmail.co.uk)	3		13	1
140	2024-11-22 18:07:48.809305+00	49	Message from Solmaz Purser (solmaz@hotmail.co.uk)	3		13	1
141	2024-11-22 18:07:48.811939+00	48	Message from Solmaz Purser (solmaz@hotmail.co.uk)	3		13	1
142	2024-11-22 18:07:48.814708+00	47	Message from Solmaz Purser (solmaz@hotmail.co.uk)	3		13	1
143	2024-11-22 18:07:48.817543+00	46	Message from Solmaz Purser (purser@blueyonder.co.uk)	3		13	1
144	2024-11-22 18:07:48.819691+00	45	Message from Solmaz Purser (purser@blueyonder.co.uk)	3		13	1
145	2024-11-22 18:07:48.8224+00	44	Message from Solmaz Purser (purser@blueyonder.co.uk)	3		13	1
146	2024-11-22 18:07:48.824752+00	43	Message from Solmaz Purser (purser@blueyonder.co.uk)	3		13	1
147	2024-11-22 18:07:48.827147+00	42	Message from Solmaz Purser (solmaz@hotmail.co.uk)	3		13	1
148	2024-11-22 18:07:48.830044+00	41	Message from Solmaz Purser (solmaz@hotmail.co.uk)	3		13	1
149	2024-11-22 18:07:48.832358+00	40	Message from Solmaz Purser (solmaz@hotmail.co.uk)	3		13	1
150	2024-11-22 18:07:48.834643+00	39	Message from Solmaz Purser (solmaz@hotmail.co.uk)	3		13	1
151	2024-11-22 19:03:47.737261+00	58	Message from John Smith (purser@blueyonder.co.uk)	2	[]	13	1
152	2024-11-22 19:08:07.945761+00	58	Message from John Smith (purser@blueyonder.co.uk)	2	[]	13	1
153	2024-11-22 19:12:02.917047+00	60	Message from John Smith (purser@blueyonder.co.uk)	3		13	1
154	2024-11-22 19:12:02.920381+00	59	Message from John Smith (purser@blueyonder.co.uk)	3		13	1
155	2024-11-22 19:12:02.922819+00	58	Message from John Smith (purser@blueyonder.co.uk)	3		13	1
156	2024-11-22 19:12:02.926386+00	57	Message from John Smith (purser@blueyonder.co.uk)	3		13	1
157	2024-11-22 19:12:02.930371+00	56	Message from John Smith (purser@blueyonder.co.uk)	3		13	1
158	2024-11-22 19:12:02.932679+00	55	Message from John Smith (noreply@yourdomain.com)	3		13	1
159	2024-11-22 19:12:02.935154+00	54	Message from John Smith (noreply@yourdomain.com)	3		13	1
160	2024-11-22 19:12:02.937085+00	53	Message from Solmaz Purser (mandana.purser@gmail.com)	3		13	1
161	2024-11-22 19:15:26.206797+00	61	Message from John Smith (purser@blueyonder.co.uk)	3		13	1
162	2024-11-22 19:23:08.131027+00	65	Message from Jane Smith (purser@blueyonder.co.uk)	3		13	1
163	2024-11-22 19:23:08.135542+00	64	Message from Jane Smith (purser@blueyonder.co.uk)	3		13	1
164	2024-11-22 19:23:08.13794+00	63	Message from Dave (purser@blueyonder.co.uk)	3		13	1
165	2024-11-22 19:23:08.140829+00	62	Message from Dave (purser@blueyonder.co.uk)	3		13	1
166	2024-11-22 19:41:17.220334+00	66	Message from Jane Wood (purser@blueyonder.co.uk)	3		13	1
167	2024-11-22 19:41:28.535401+00	75	Message from Jane Wood (purser@blueyonder.co.uk)	3		13	1
168	2024-11-22 19:41:28.539709+00	74	Message from Jane Wood (purser@blueyonder.co.uk)	3		13	1
169	2024-11-22 19:41:28.543816+00	73	Message from Jane Wood (purser@blueyonder.co.uk)	3		13	1
170	2024-11-22 19:41:28.547694+00	72	Message from Jane Wood (purser@blueyonder.co.uk)	3		13	1
171	2024-11-22 19:41:28.550814+00	71	Message from Jane Wood (purser@blueyonder.co.uk)	3		13	1
172	2024-11-22 19:41:28.554642+00	70	Message from Jane Wood (purser@blueyonder.co.uk)	3		13	1
173	2024-11-22 19:41:28.557702+00	69	Message from Jane Wood (purser@blueyonder.co.uk)	3		13	1
174	2024-11-22 19:41:28.560537+00	68	Message from Jane Wood (purser@blueyonder.co.uk)	3		13	1
175	2024-11-22 19:41:28.563259+00	67	Message from Jane Wood (purser@blueyonder.co.uk)	3		13	1
176	2024-11-22 19:49:33.616532+00	76	Message from Jane Wood (purser@blueyonder.co.uk)	3		13	1
177	2024-11-25 17:49:36.072199+00	11	An introduction to Kanban	2	[{"changed": {"fields": ["Body"]}}]	11	1
178	2024-11-25 17:49:37.353629+00	11	An introduction to Kanban	2	[]	11	1
179	2024-11-25 20:22:14.144316+00	5	Unify Giving project	2	[{"changed": {"fields": ["Image"]}}]	12	1
180	2024-11-25 20:23:12.716863+00	5	Unify Giving project	2	[]	12	1
181	2024-11-25 20:23:21.956062+00	5	Unify Giving project	2	[]	12	1
182	2024-11-25 20:23:38.684858+00	5	Unify Giving project	2	[]	12	1
183	2024-11-25 20:24:51.420509+00	5	Unify Giving project	2	[{"changed": {"fields": ["Image"]}}]	12	1
184	2024-11-25 20:25:34.168714+00	5	Unify Giving project	2	[{"changed": {"fields": ["Image"]}}]	12	1
185	2024-11-25 20:25:45.012178+00	5	Unify Giving project	2	[]	12	1
186	2024-12-17 17:19:33.27902+00	86	Message from Solmaz Purser (solmaz@hotmail.co.uk)	3		13	1
187	2024-12-17 17:19:41.658749+00	85	Message from Solmaz Purser (solmaz@hotmail.co.uk)	3		13	1
188	2024-12-17 17:19:41.658783+00	84	Message from Solmaz Purser (purser@blueyonder.co.uk)	3		13	1
189	2024-12-17 17:19:41.658799+00	83	Message from Solmaz Purser (solmaz@hotmail.co.uk)	3		13	1
190	2024-12-17 17:19:41.658812+00	82	Message from Solmaz Purser (solmaz@hotmail.co.uk)	3		13	1
191	2024-12-17 17:19:41.658824+00	81	Message from Solmaz Purser (purser@blueyonder.co.uk)	3		13	1
192	2024-12-17 17:19:41.658836+00	80	Message from Solmaz Purser (purser@blueyonder.co.uk)	3		13	1
193	2024-12-17 17:19:41.658848+00	79	Message from Solmaz Purser (solmaz@hotmail.co.uk)	3		13	1
194	2024-12-17 17:19:41.65886+00	78	Message from Solmaz Purser (solmaz@hotmail.co.uk)	3		13	1
195	2024-12-17 17:19:41.658871+00	77	Message from Jane Wood (purser@blueyonder.co.uk)	3		13	1
\.


--
-- Data for Name: django_content_type; Type: TABLE DATA; Schema: public; Owner: postgres
--

COPY public.django_content_type (id, app_label, model) FROM stdin;
1	admin	logentry
2	auth	permission
3	auth	group
4	auth	user
5	contenttypes	contenttype
6	sessions	session
7	todo	react
8	blog	blog
9	tictactoe	board
10	tictactoe	game
11	writing	post
12	projects	project
13	contact	contact
\.


--
-- Data for Name: django_migrations; Type: TABLE DATA; Schema: public; Owner: postgres
--

COPY public.django_migrations (id, app, name, applied) FROM stdin;
1	contenttypes	0001_initial	2024-03-01 16:37:54.771226+00
2	auth	0001_initial	2024-03-01 16:37:54.936157+00
3	admin	0001_initial	2024-03-01 16:37:55.012193+00
4	admin	0002_logentry_remove_auto_add	2024-03-01 16:37:55.028967+00
5	admin	0003_logentry_add_action_flag_choices	2024-03-01 16:37:55.041112+00
6	contenttypes	0002_remove_content_type_name	2024-03-01 16:37:55.061899+00
7	auth	0002_alter_permission_name_max_length	2024-03-01 16:37:55.074166+00
8	auth	0003_alter_user_email_max_length	2024-03-01 16:37:55.085661+00
9	auth	0004_alter_user_username_opts	2024-03-01 16:37:55.098289+00
10	auth	0005_alter_user_last_login_null	2024-03-01 16:37:55.111329+00
11	auth	0006_require_contenttypes_0002	2024-03-01 16:37:55.115438+00
12	auth	0007_alter_validators_add_error_messages	2024-03-01 16:37:55.1257+00
13	auth	0008_alter_user_username_max_length	2024-03-01 16:37:55.147671+00
14	auth	0009_alter_user_last_name_max_length	2024-03-01 16:37:55.159521+00
15	auth	0010_alter_group_name_max_length	2024-03-01 16:37:55.175013+00
16	auth	0011_update_proxy_permissions	2024-03-01 16:37:55.203527+00
17	auth	0012_alter_user_first_name_max_length	2024-03-01 16:37:55.217124+00
18	blog	0001_initial	2024-03-01 16:37:55.242331+00
19	sessions	0001_initial	2024-03-01 16:37:55.292146+00
20	todo	0001_initial	2024-03-01 16:37:55.312655+00
21	tictactoe	0001_initial	2024-07-16 13:53:55.269622+01
22	tictactoe	0002_game_winner	2024-07-22 15:23:24.868216+01
24	writing	0002_rename_created_on_post_publication_date	2024-11-05 17:41:20.216599+00
25	projects	0001_initial	2024-11-05 20:21:37.793782+00
26	projects	0002_auto_20241105_2027	2024-11-05 20:27:59.321392+00
27	writing	0003_post_created_on	2024-11-10 16:31:17.119699+00
28	writing	0004_auto_20241110_1639	2024-11-10 16:40:06.489016+00
29	writing	0005_auto_20241110_1652	2024-11-10 16:52:37.581011+00
30	writing	0001_initial	2024-11-10 17:22:06.123754+00
31	writing	0002_remove_post_updated_on	2024-11-10 17:41:52.742251+00
32	writing	0003_auto_20241110_1743	2024-11-10 17:43:35.254993+00
33	projects	0002_alter_project_name	2024-11-20 22:27:54.872852+00
34	contact	0001_initial	2024-11-21 20:54:11.185427+00
\.


--
-- Data for Name: django_session; Type: TABLE DATA; Schema: public; Owner: postgres
--

COPY public.django_session (session_key, session_data, expire_date) FROM stdin;
rfbm72a5t8qgpfuze57gqjb7fq6c00d3	.eJxVjMsOwiAQRf-FtSHlDS7d-w1kBgapGkhKuzL-uzbpQrf3nHNfLMK21rgNWuKc2ZkJdvrdENKD2g7yHdqt89TbuszId4UfdPBrz_S8HO7fQYVRvzWEBDplK8EXqbxwxhEqskaWlDB7gyCU1zS5QAHRalMsSQU0kc3FFPb-AP8gOM4:1rg6Cu:E2Az5HhmbGPxaZvKwq_g3LIR4rKSH3vLtcVDvoWVx3E	2024-03-15 16:58:00.770304+00
rg1d1lh3kq4qq2nzeh5yvbklviatcv1t	.eJxVjDsOwyAQBe9CHSF-Bpwyvc-AFnYJTiKQjF1FuXtsyUXSvpl5bxZgW0vYOi1hRnZlkl1-twjpSfUA-IB6bzy1ui5z5IfCT9r51JBet9P9OyjQy16D8DLHLIeI1oMlEgTkxKidUplkNhFIO9DRuAGN9qNTuBfaiiQxG2SfL_3_OF4:1t8JOB:c47UH8r9czNlJj9KC7wFHDn9QuvGiXhouN9OzQfb2vA	2024-11-19 13:14:31.829232+00
r8mn3hkkz8951qrvq9iiu1htu0b6fxnq	.eJxVjDsOwyAQBe9CHSF-Bpwyvc-AFnYJTiKQjF1FuXtsyUXSvpl5bxZgW0vYOi1hRnZlkl1-twjpSfUA-IB6bzy1ui5z5IfCT9r51JBet9P9OyjQy16D8DLHLIeI1oMlEgTkxKidUplkNhFIO9DRuAGN9qNTuBfaiiQxG2SfL_3_OF4:1tAAqs:ZQZ2VD8QzYT5S38kCHZp0_9CNHbEtgMDcNEa2WMvTHM	2024-11-24 16:31:50.507957+00
2nd17lqqbxoy8dlrsxdk40wxajz5idp7	.eJxVjDsOwyAQBe9CHSF-Bpwyvc-AFnYJTiKQjF1FuXtsyUXSvpl5bxZgW0vYOi1hRnZlkl1-twjpSfUA-IB6bzy1ui5z5IfCT9r51JBet9P9OyjQy16D8DLHLIeI1oMlEgTkxKidUplkNhFIO9DRuAGN9qNTuBfaiiQxG2SfL_3_OF4:1tFfaO:sn8NTo7wS_4ncIeVCmMDn889THFxITywV2G0FIELDYc	2024-12-09 20:21:32.573901+00
\.


--
-- Data for Name: projects_project; Type: TABLE DATA; Schema: public; Owner: postgres
--

COPY public.projects_project (id, name, image, github_url, description) FROM stdin;
2	Words to images	https://raw.githubusercontent.com/bookloversolmaz/words_to_images_CS50_project/main/static/demo_gif.gif	https://github.com/bookloversolmaz/words_to_images_CS50_project?tab=readme-ov-file	Interactive full stack application developed in Python, using the Flask framework. Returns an image based on the user's input.
5	Unify Giving project	https://springwise.com/wp-content/uploads/2021/09/innovationnonprofit-socialcauseunify-homeless-contactless-1.jpg	https://unifygiving.com/	Working with Unify Giving, a tech for good initiative, to create a revolutionary interactive full stack application. Working with an international, agile and cross-functional team.
3	Tic Tac Toe Tech Test in Python	https://raw.githubusercontent.com/bookloversolmaz/tic_tac_toe_tech_test_python/841c3aacdba9c8acb42e726994a814c201f4e7c7/Images/video_of_play.gif	https://github.com/bookloversolmaz/tic_tac_toe_tech_test_python	Interative game of tic tac toe, aka noughts and crosses
4	Codewars	https://github.r2v.ch/codewars?user=bookloversolmaz	https://github.com/bookloversolmaz/Codewars	Coding challenge website inspired by Japanese martial arts. Increases in difficulty. Set to private as Codewars does not want answers to challenges freely available online
1	Foodshare	https://github.com/maddc0de/foodshare/raw/main/diagrams/how_to_use.gif	https://github.com/maddc0de/foodshare	Final group project at Makers creating a full stack application connecting food outlets with food banks. Created in the MERN stack.
\.


--
-- Data for Name: todo_react; Type: TABLE DATA; Schema: public; Owner: postgres
--

COPY public.todo_react (id, item) FROM stdin;
\.


--
-- Data for Name: writing_post; Type: TABLE DATA; Schema: public; Owner: postgres
--

COPY public.writing_post (id, title, body, publication_date, created_on) FROM stdin;
8	How to use ITIL 4 Create, Deliver and Support in the new normal	Describes how ITIL 4 can be used to help people cope in the 'new normal' created by the COVID-19 pandemic. It may be an unusual time, but we can carve out an effective working environment at home. Find the link <a href="https://www.axelos.com/resource-hub/blog/how-to-use-itil-4-cds-in-the-new-normal"_blank">here</a>.	2024-11-20	2021-03-21
7	Using ITIL’s concepts: ten techniques to prioritize work	Explores how to use ITIL 4 to prioritise work to create value an minimise risks. A win-win! Find the link <a href="https://www.axelos.com/resource-hub/blog/using-itil-concepts-ten-techniques-to-prioritize-work" target="_blank">here</a>.	2024-11-20	2021-03-12
6	International Women's Day 2021: A Conversation with Katie Sellers	Interviewed Katie Sellers, Axelos's former HR partner  about International Women’s Day and her experiences in the professional world. Find the link <a href="https://www.axelos.com/resource-hub/blog/iwd-a-conversation-with-katie-sellers">here</a>.	2024-11-20	2021-03-09
2	How to use ITIL when working from home	Exploring how ITIL 4 can be used when working from home. Home comforts with office perks. Find the link <a href="https://www.axelos.com/resource-hub/blog/how-to-use-itil-when-working-from-home" target="_blank">here</a>.	2024-11-20	2020-08-19
3	How to use a Kanban board to plan Valentine’s Day	Romance and project management don't usually go hand in hand. It doesn't mean that they shouldn't. This blog explores how to use a Kanban board to plan a romantic (an effective) Valentine's day. Find the link <a href="https://www.axelos.com/resource-hub/blog/how-to-use-a-kanban-board-to-plan-valentines-day" target="_blank">here</a>.	2024-11-20	2021-02-09
5	Celebrating International Women’s Day	Written with fellow colleagues Amy Metcalfe and Alice Negbenose. Interviewed inspirational women from across the business on the importance of international women's day. Find the link <a href="https://www.axelos.com/resource-hub/blog/celebrating-international-womens-day" target="_blank">here</a>.	2024-11-20	2021-03-08
11	An introduction to Kanban	This paper introduces Kanban, describes the basic mechanisms of a Kanban board, and how to use it. It will also explore how Kanban can be used to organize work, regardless of the project size or the number of participants.\r\n\r\nIn addition, this paper discusses the different formats of a Kanban board, and reviews three providers of digital Kanban boards.\r\n\r\nFind the link to the summary on the AXELOS website <a href="https://www.axelos.com/resource-hub/white-paper/an-introduction-to-kanban"_blank">here</a>\r\n\r\nAlternatively, you can read the full paper <a href="https://www.studocu.com/ph/document/asian-institute-of-management/masters-in-development-managment/an-introduction-to-kanban/37913266">here</a>	2024-11-20	2021-03-07
1	ITIL 4 Foundation – 7 tips to prepare	Wrote a blog post with my colleague Amy Metcalfe on 7 tips to preparing for the ITIL 4 Foundation course and exam. Find the link <a href="https://www.axelos.com/resource-hub/blog/itil-4-foundation-7-tips-to-prepare" target="_blank">here</a>.	2024-11-20	2019-10-08
9	Using PRINCE2 in the apocalypse	An article that takes a lighthearted look into best practice and the end of the world. PRINCE2 is a method for managing projects and is flexible and adaptable enough to be applied to any project, regardless of the environment. This also includes more unusual environments, such as an apocalyptic scenario caused by a nuclear environment or a zombie apocalypse. Make sure that your survival team includes a project manager.\r\nFind the link <a href="https://www.axelos.com/resource-hub/blog/using-prince2-in-the-apocalypse"_blank">here</a>.	2024-11-20	2021-04-07
4	Using ITIL's concepts: four types of organizational structure	ITIL® 4: Create, Deliver and Support (CDS) is one of four managing professional modules, which provide practical advice building upon the concepts described in ITIL 4 Foundation. CDS explores the creation and delivery of service management, as well as the tools, technologies, and methods that support it. Find the link <a href="https://www.axelos.com/resource-hub/blog/itil-concepts-four-types-of-organizational-structure" target="_blank">here</a>.	2024-11-20	2021-03-02
10	Job hunting using ITIL	How to use ITIL to manage your job hunt. After all, job hunting is a complex and stressful project. Find the link <a href="https://www.axelos.com/resource-hub/blog/job-hunting-using-itil"_blank">here</a>	2024-11-20	2021-09-01
12	Centralized change management at Calpine Case Study	Interviewed senior stakeholder Nayeem Khan at Calpine Corporation, America’s largest generator of electricity from natural gas and geothermal resources. The paper explored how Calpine implemented a centralized change management system to transform its IT infrastructure across its sites.\r\n\r\nA demonstration of my ability in interviewing a subject, quickly understanding technical issues and writing clearly and concisely on that topic.\r\n\r\nFind the link to the case study <a href="https://www.axelos.com/resource-hub/case-study/centralized-change-management-calpine">here</a>	2024-11-20	2021-02-25
\.


--
-- Name: auth_group_id_seq; Type: SEQUENCE SET; Schema: public; Owner: postgres
--

SELECT pg_catalog.setval('public.auth_group_id_seq', 1, false);


--
-- Name: auth_group_permissions_id_seq; Type: SEQUENCE SET; Schema: public; Owner: postgres
--

SELECT pg_catalog.setval('public.auth_group_permissions_id_seq', 1, false);


--
-- Name: auth_permission_id_seq; Type: SEQUENCE SET; Schema: public; Owner: postgres
--

SELECT pg_catalog.setval('public.auth_permission_id_seq', 52, true);


--
-- Name: auth_user_groups_id_seq; Type: SEQUENCE SET; Schema: public; Owner: postgres
--

SELECT pg_catalog.setval('public.auth_user_groups_id_seq', 1, false);


--
-- Name: auth_user_id_seq; Type: SEQUENCE SET; Schema: public; Owner: postgres
--

SELECT pg_catalog.setval('public.auth_user_id_seq', 1, true);


--
-- Name: auth_user_user_permissions_id_seq; Type: SEQUENCE SET; Schema: public; Owner: postgres
--

SELECT pg_catalog.setval('public.auth_user_user_permissions_id_seq', 1, false);


--
-- Name: contact_contact_id_seq; Type: SEQUENCE SET; Schema: public; Owner: postgres
--

SELECT pg_catalog.setval('public.contact_contact_id_seq', 86, true);


--
-- Name: django_admin_log_id_seq; Type: SEQUENCE SET; Schema: public; Owner: postgres
--

SELECT pg_catalog.setval('public.django_admin_log_id_seq', 195, true);


--
-- Name: django_content_type_id_seq; Type: SEQUENCE SET; Schema: public; Owner: postgres
--

SELECT pg_catalog.setval('public.django_content_type_id_seq', 13, true);


--
-- Name: django_migrations_id_seq; Type: SEQUENCE SET; Schema: public; Owner: postgres
--

SELECT pg_catalog.setval('public.django_migrations_id_seq', 34, true);


--
-- Name: projects_project_id_seq; Type: SEQUENCE SET; Schema: public; Owner: postgres
--

SELECT pg_catalog.setval('public.projects_project_id_seq', 5, true);


--
-- Name: todo_react_id_seq; Type: SEQUENCE SET; Schema: public; Owner: postgres
--

SELECT pg_catalog.setval('public.todo_react_id_seq', 95, true);


--
-- Name: writing_post_id_seq; Type: SEQUENCE SET; Schema: public; Owner: postgres
--

SELECT pg_catalog.setval('public.writing_post_id_seq', 12, true);


--
-- Name: auth_group auth_group_name_key; Type: CONSTRAINT; Schema: public; Owner: postgres
--

ALTER TABLE ONLY public.auth_group
    ADD CONSTRAINT auth_group_name_key UNIQUE (name);


--
-- Name: auth_group_permissions auth_group_permissions_group_id_permission_id_0cd325b0_uniq; Type: CONSTRAINT; Schema: public; Owner: postgres
--

ALTER TABLE ONLY public.auth_group_permissions
    ADD CONSTRAINT auth_group_permissions_group_id_permission_id_0cd325b0_uniq UNIQUE (group_id, permission_id);


--
-- Name: auth_group_permissions auth_group_permissions_pkey; Type: CONSTRAINT; Schema: public; Owner: postgres
--

ALTER TABLE ONLY public.auth_group_permissions
    ADD CONSTRAINT auth_group_permissions_pkey PRIMARY KEY (id);


--
-- Name: auth_group auth_group_pkey; Type: CONSTRAINT; Schema: public; Owner: postgres
--

ALTER TABLE ONLY public.auth_group
    ADD CONSTRAINT auth_group_pkey PRIMARY KEY (id);


--
-- Name: auth_permission auth_permission_content_type_id_codename_01ab375a_uniq; Type: CONSTRAINT; Schema: public; Owner: postgres
--

ALTER TABLE ONLY public.auth_permission
    ADD CONSTRAINT auth_permission_content_type_id_codename_01ab375a_uniq UNIQUE (content_type_id, codename);


--
-- Name: auth_permission auth_permission_pkey; Type: CONSTRAINT; Schema: public; Owner: postgres
--

ALTER TABLE ONLY public.auth_permission
    ADD CONSTRAINT auth_permission_pkey PRIMARY KEY (id);


--
-- Name: auth_user_groups auth_user_groups_pkey; Type: CONSTRAINT; Schema: public; Owner: postgres
--

ALTER TABLE ONLY public.auth_user_groups
    ADD CONSTRAINT auth_user_groups_pkey PRIMARY KEY (id);


--
-- Name: auth_user_groups auth_user_groups_user_id_group_id_94350c0c_uniq; Type: CONSTRAINT; Schema: public; Owner: postgres
--

ALTER TABLE ONLY public.auth_user_groups
    ADD CONSTRAINT auth_user_groups_user_id_group_id_94350c0c_uniq UNIQUE (user_id, group_id);


--
-- Name: auth_user auth_user_pkey; Type: CONSTRAINT; Schema: public; Owner: postgres
--

ALTER TABLE ONLY public.auth_user
    ADD CONSTRAINT auth_user_pkey PRIMARY KEY (id);


--
-- Name: auth_user_user_permissions auth_user_user_permissions_pkey; Type: CONSTRAINT; Schema: public; Owner: postgres
--

ALTER TABLE ONLY public.auth_user_user_permissions
    ADD CONSTRAINT auth_user_user_permissions_pkey PRIMARY KEY (id);


--
-- Name: auth_user_user_permissions auth_user_user_permissions_user_id_permission_id_14a6b632_uniq; Type: CONSTRAINT; Schema: public; Owner: postgres
--

ALTER TABLE ONLY public.auth_user_user_permissions
    ADD CONSTRAINT auth_user_user_permissions_user_id_permission_id_14a6b632_uniq UNIQUE (user_id, permission_id);


--
-- Name: auth_user auth_user_username_key; Type: CONSTRAINT; Schema: public; Owner: postgres
--

ALTER TABLE ONLY public.auth_user
    ADD CONSTRAINT auth_user_username_key UNIQUE (username);


--
-- Name: contact_contact contact_contact_pkey; Type: CONSTRAINT; Schema: public; Owner: postgres
--

ALTER TABLE ONLY public.contact_contact
    ADD CONSTRAINT contact_contact_pkey PRIMARY KEY (id);


--
-- Name: django_admin_log django_admin_log_pkey; Type: CONSTRAINT; Schema: public; Owner: postgres
--

ALTER TABLE ONLY public.django_admin_log
    ADD CONSTRAINT django_admin_log_pkey PRIMARY KEY (id);


--
-- Name: django_content_type django_content_type_app_label_model_76bd3d3b_uniq; Type: CONSTRAINT; Schema: public; Owner: postgres
--

ALTER TABLE ONLY public.django_content_type
    ADD CONSTRAINT django_content_type_app_label_model_76bd3d3b_uniq UNIQUE (app_label, model);


--
-- Name: django_content_type django_content_type_pkey; Type: CONSTRAINT; Schema: public; Owner: postgres
--

ALTER TABLE ONLY public.django_content_type
    ADD CONSTRAINT django_content_type_pkey PRIMARY KEY (id);


--
-- Name: django_migrations django_migrations_pkey; Type: CONSTRAINT; Schema: public; Owner: postgres
--

ALTER TABLE ONLY public.django_migrations
    ADD CONSTRAINT django_migrations_pkey PRIMARY KEY (id);


--
-- Name: django_session django_session_pkey; Type: CONSTRAINT; Schema: public; Owner: postgres
--

ALTER TABLE ONLY public.django_session
    ADD CONSTRAINT django_session_pkey PRIMARY KEY (session_key);


--
-- Name: projects_project projects_project_name_1ecf4961_uniq; Type: CONSTRAINT; Schema: public; Owner: postgres
--

ALTER TABLE ONLY public.projects_project
    ADD CONSTRAINT projects_project_name_1ecf4961_uniq UNIQUE (name);


--
-- Name: projects_project projects_project_pkey; Type: CONSTRAINT; Schema: public; Owner: postgres
--

ALTER TABLE ONLY public.projects_project
    ADD CONSTRAINT projects_project_pkey PRIMARY KEY (id);


--
-- Name: todo_react todo_react_pkey; Type: CONSTRAINT; Schema: public; Owner: postgres
--

ALTER TABLE ONLY public.todo_react
    ADD CONSTRAINT todo_react_pkey PRIMARY KEY (id);


--
-- Name: writing_post writing_post_pkey; Type: CONSTRAINT; Schema: public; Owner: postgres
--

ALTER TABLE ONLY public.writing_post
    ADD CONSTRAINT writing_post_pkey PRIMARY KEY (id);


--
-- Name: auth_group_name_a6ea08ec_like; Type: INDEX; Schema: public; Owner: postgres
--

CREATE INDEX auth_group_name_a6ea08ec_like ON public.auth_group USING btree (name varchar_pattern_ops);


--
-- Name: auth_group_permissions_group_id_b120cbf9; Type: INDEX; Schema: public; Owner: postgres
--

CREATE INDEX auth_group_permissions_group_id_b120cbf9 ON public.auth_group_permissions USING btree (group_id);


--
-- Name: auth_group_permissions_permission_id_84c5c92e; Type: INDEX; Schema: public; Owner: postgres
--

CREATE INDEX auth_group_permissions_permission_id_84c5c92e ON public.auth_group_permissions USING btree (permission_id);


--
-- Name: auth_permission_content_type_id_2f476e4b; Type: INDEX; Schema: public; Owner: postgres
--

CREATE INDEX auth_permission_content_type_id_2f476e4b ON public.auth_permission USING btree (content_type_id);


--
-- Name: auth_user_groups_group_id_97559544; Type: INDEX; Schema: public; Owner: postgres
--

CREATE INDEX auth_user_groups_group_id_97559544 ON public.auth_user_groups USING btree (group_id);


--
-- Name: auth_user_groups_user_id_6a12ed8b; Type: INDEX; Schema: public; Owner: postgres
--

CREATE INDEX auth_user_groups_user_id_6a12ed8b ON public.auth_user_groups USING btree (user_id);


--
-- Name: auth_user_user_permissions_permission_id_1fbb5f2c; Type: INDEX; Schema: public; Owner: postgres
--

CREATE INDEX auth_user_user_permissions_permission_id_1fbb5f2c ON public.auth_user_user_permissions USING btree (permission_id);


--
-- Name: auth_user_user_permissions_user_id_a95ead1b; Type: INDEX; Schema: public; Owner: postgres
--

CREATE INDEX auth_user_user_permissions_user_id_a95ead1b ON public.auth_user_user_permissions USING btree (user_id);


--
-- Name: auth_user_username_6821ab7c_like; Type: INDEX; Schema: public; Owner: postgres
--

CREATE INDEX auth_user_username_6821ab7c_like ON public.auth_user USING btree (username varchar_pattern_ops);


--
-- Name: django_admin_log_content_type_id_c4bce8eb; Type: INDEX; Schema: public; Owner: postgres
--

CREATE INDEX django_admin_log_content_type_id_c4bce8eb ON public.django_admin_log USING btree (content_type_id);


--
-- Name: django_admin_log_user_id_c564eba6; Type: INDEX; Schema: public; Owner: postgres
--

CREATE INDEX django_admin_log_user_id_c564eba6 ON public.django_admin_log USING btree (user_id);


--
-- Name: django_session_expire_date_a5c62663; Type: INDEX; Schema: public; Owner: postgres
--

CREATE INDEX django_session_expire_date_a5c62663 ON public.django_session USING btree (expire_date);


--
-- Name: django_session_session_key_c0390e0f_like; Type: INDEX; Schema: public; Owner: postgres
--

CREATE INDEX django_session_session_key_c0390e0f_like ON public.django_session USING btree (session_key varchar_pattern_ops);


--
-- Name: projects_project_name_1ecf4961_like; Type: INDEX; Schema: public; Owner: postgres
--

CREATE INDEX projects_project_name_1ecf4961_like ON public.projects_project USING btree (name varchar_pattern_ops);


--
-- Name: auth_group_permissions auth_group_permissio_permission_id_84c5c92e_fk_auth_perm; Type: FK CONSTRAINT; Schema: public; Owner: postgres
--

ALTER TABLE ONLY public.auth_group_permissions
    ADD CONSTRAINT auth_group_permissio_permission_id_84c5c92e_fk_auth_perm FOREIGN KEY (permission_id) REFERENCES public.auth_permission(id) DEFERRABLE INITIALLY DEFERRED;


--
-- Name: auth_group_permissions auth_group_permissions_group_id_b120cbf9_fk_auth_group_id; Type: FK CONSTRAINT; Schema: public; Owner: postgres
--

ALTER TABLE ONLY public.auth_group_permissions
    ADD CONSTRAINT auth_group_permissions_group_id_b120cbf9_fk_auth_group_id FOREIGN KEY (group_id) REFERENCES public.auth_group(id) DEFERRABLE INITIALLY DEFERRED;


--
-- Name: auth_permission auth_permission_content_type_id_2f476e4b_fk_django_co; Type: FK CONSTRAINT; Schema: public; Owner: postgres
--

ALTER TABLE ONLY public.auth_permission
    ADD CONSTRAINT auth_permission_content_type_id_2f476e4b_fk_django_co FOREIGN KEY (content_type_id) REFERENCES public.django_content_type(id) DEFERRABLE INITIALLY DEFERRED;


--
-- Name: auth_user_groups auth_user_groups_group_id_97559544_fk_auth_group_id; Type: FK CONSTRAINT; Schema: public; Owner: postgres
--

ALTER TABLE ONLY public.auth_user_groups
    ADD CONSTRAINT auth_user_groups_group_id_97559544_fk_auth_group_id FOREIGN KEY (group_id) REFERENCES public.auth_group(id) DEFERRABLE INITIALLY DEFERRED;


--
-- Name: auth_user_groups auth_user_groups_user_id_6a12ed8b_fk_auth_user_id; Type: FK CONSTRAINT; Schema: public; Owner: postgres
--

ALTER TABLE ONLY public.auth_user_groups
    ADD CONSTRAINT auth_user_groups_user_id_6a12ed8b_fk_auth_user_id FOREIGN KEY (user_id) REFERENCES public.auth_user(id) DEFERRABLE INITIALLY DEFERRED;


--
-- Name: auth_user_user_permissions auth_user_user_permi_permission_id_1fbb5f2c_fk_auth_perm; Type: FK CONSTRAINT; Schema: public; Owner: postgres
--

ALTER TABLE ONLY public.auth_user_user_permissions
    ADD CONSTRAINT auth_user_user_permi_permission_id_1fbb5f2c_fk_auth_perm FOREIGN KEY (permission_id) REFERENCES public.auth_permission(id) DEFERRABLE INITIALLY DEFERRED;


--
-- Name: auth_user_user_permissions auth_user_user_permissions_user_id_a95ead1b_fk_auth_user_id; Type: FK CONSTRAINT; Schema: public; Owner: postgres
--

ALTER TABLE ONLY public.auth_user_user_permissions
    ADD CONSTRAINT auth_user_user_permissions_user_id_a95ead1b_fk_auth_user_id FOREIGN KEY (user_id) REFERENCES public.auth_user(id) DEFERRABLE INITIALLY DEFERRED;


--
-- Name: django_admin_log django_admin_log_content_type_id_c4bce8eb_fk_django_co; Type: FK CONSTRAINT; Schema: public; Owner: postgres
--

ALTER TABLE ONLY public.django_admin_log
    ADD CONSTRAINT django_admin_log_content_type_id_c4bce8eb_fk_django_co FOREIGN KEY (content_type_id) REFERENCES public.django_content_type(id) DEFERRABLE INITIALLY DEFERRED;


--
-- Name: django_admin_log django_admin_log_user_id_c564eba6_fk_auth_user_id; Type: FK CONSTRAINT; Schema: public; Owner: postgres
--

ALTER TABLE ONLY public.django_admin_log
    ADD CONSTRAINT django_admin_log_user_id_c564eba6_fk_auth_user_id FOREIGN KEY (user_id) REFERENCES public.auth_user(id) DEFERRABLE INITIALLY DEFERRED;


--
-- Name: TABLE auth_group; Type: ACL; Schema: public; Owner: postgres
--

GRANT SELECT,INSERT,REFERENCES,DELETE,TRIGGER,TRUNCATE,UPDATE ON TABLE public.auth_group TO spurser_user;


--
-- Name: SEQUENCE auth_group_id_seq; Type: ACL; Schema: public; Owner: postgres
--

GRANT SELECT,USAGE ON SEQUENCE public.auth_group_id_seq TO spurser_user;


--
-- Name: TABLE auth_group_permissions; Type: ACL; Schema: public; Owner: postgres
--

GRANT SELECT,INSERT,REFERENCES,DELETE,TRIGGER,TRUNCATE,UPDATE ON TABLE public.auth_group_permissions TO spurser_user;


--
-- Name: SEQUENCE auth_group_permissions_id_seq; Type: ACL; Schema: public; Owner: postgres
--

GRANT SELECT,USAGE ON SEQUENCE public.auth_group_permissions_id_seq TO spurser_user;


--
-- Name: TABLE auth_permission; Type: ACL; Schema: public; Owner: postgres
--

GRANT SELECT,INSERT,REFERENCES,DELETE,TRIGGER,TRUNCATE,UPDATE ON TABLE public.auth_permission TO spurser_user;


--
-- Name: SEQUENCE auth_permission_id_seq; Type: ACL; Schema: public; Owner: postgres
--

GRANT SELECT,USAGE ON SEQUENCE public.auth_permission_id_seq TO spurser_user;


--
-- Name: TABLE auth_user; Type: ACL; Schema: public; Owner: postgres
--

GRANT SELECT,INSERT,REFERENCES,DELETE,TRIGGER,TRUNCATE,UPDATE ON TABLE public.auth_user TO spurser_user;


--
-- Name: TABLE auth_user_groups; Type: ACL; Schema: public; Owner: postgres
--

GRANT SELECT,INSERT,REFERENCES,DELETE,TRIGGER,TRUNCATE,UPDATE ON TABLE public.auth_user_groups TO spurser_user;


--
-- Name: SEQUENCE auth_user_groups_id_seq; Type: ACL; Schema: public; Owner: postgres
--

GRANT SELECT,USAGE ON SEQUENCE public.auth_user_groups_id_seq TO spurser_user;


--
-- Name: SEQUENCE auth_user_id_seq; Type: ACL; Schema: public; Owner: postgres
--

GRANT SELECT,USAGE ON SEQUENCE public.auth_user_id_seq TO spurser_user;


--
-- Name: TABLE auth_user_user_permissions; Type: ACL; Schema: public; Owner: postgres
--

GRANT SELECT,INSERT,REFERENCES,DELETE,TRIGGER,TRUNCATE,UPDATE ON TABLE public.auth_user_user_permissions TO spurser_user;


--
-- Name: SEQUENCE auth_user_user_permissions_id_seq; Type: ACL; Schema: public; Owner: postgres
--

GRANT SELECT,USAGE ON SEQUENCE public.auth_user_user_permissions_id_seq TO spurser_user;


--
-- Name: TABLE contact_contact; Type: ACL; Schema: public; Owner: postgres
--

GRANT SELECT,INSERT,REFERENCES,DELETE,TRIGGER,TRUNCATE,UPDATE ON TABLE public.contact_contact TO spurser_user;


--
-- Name: SEQUENCE contact_contact_id_seq; Type: ACL; Schema: public; Owner: postgres
--

GRANT SELECT,USAGE ON SEQUENCE public.contact_contact_id_seq TO spurser_user;


--
-- Name: TABLE django_admin_log; Type: ACL; Schema: public; Owner: postgres
--

GRANT SELECT,INSERT,REFERENCES,DELETE,TRIGGER,TRUNCATE,UPDATE ON TABLE public.django_admin_log TO spurser_user;


--
-- Name: SEQUENCE django_admin_log_id_seq; Type: ACL; Schema: public; Owner: postgres
--

GRANT SELECT,USAGE ON SEQUENCE public.django_admin_log_id_seq TO spurser_user;


--
-- Name: TABLE django_content_type; Type: ACL; Schema: public; Owner: postgres
--

GRANT SELECT,INSERT,REFERENCES,DELETE,TRIGGER,TRUNCATE,UPDATE ON TABLE public.django_content_type TO spurser_user;


--
-- Name: SEQUENCE django_content_type_id_seq; Type: ACL; Schema: public; Owner: postgres
--

GRANT SELECT,USAGE ON SEQUENCE public.django_content_type_id_seq TO spurser_user;


--
-- Name: TABLE django_migrations; Type: ACL; Schema: public; Owner: postgres
--

GRANT SELECT,INSERT,REFERENCES,DELETE,TRIGGER,TRUNCATE,UPDATE ON TABLE public.django_migrations TO spurser_user;


--
-- Name: SEQUENCE django_migrations_id_seq; Type: ACL; Schema: public; Owner: postgres
--

GRANT SELECT,USAGE ON SEQUENCE public.django_migrations_id_seq TO spurser_user;


--
-- Name: TABLE django_session; Type: ACL; Schema: public; Owner: postgres
--

GRANT SELECT,INSERT,REFERENCES,DELETE,TRIGGER,TRUNCATE,UPDATE ON TABLE public.django_session TO spurser_user;


--
-- Name: TABLE projects_project; Type: ACL; Schema: public; Owner: postgres
--

GRANT SELECT,INSERT,REFERENCES,DELETE,TRIGGER,TRUNCATE,UPDATE ON TABLE public.projects_project TO spurser_user;


--
-- Name: SEQUENCE projects_project_id_seq; Type: ACL; Schema: public; Owner: postgres
--

GRANT SELECT,USAGE ON SEQUENCE public.projects_project_id_seq TO spurser_user;


--
-- Name: TABLE todo_react; Type: ACL; Schema: public; Owner: postgres
--

GRANT SELECT,INSERT,REFERENCES,DELETE,TRIGGER,TRUNCATE,UPDATE ON TABLE public.todo_react TO spurser_user;


--
-- Name: SEQUENCE todo_react_id_seq; Type: ACL; Schema: public; Owner: postgres
--

GRANT SELECT,USAGE ON SEQUENCE public.todo_react_id_seq TO spurser_user;


--
-- Name: TABLE writing_post; Type: ACL; Schema: public; Owner: postgres
--

GRANT SELECT,INSERT,REFERENCES,DELETE,TRIGGER,TRUNCATE,UPDATE ON TABLE public.writing_post TO spurser_user;


--
-- Name: SEQUENCE writing_post_id_seq; Type: ACL; Schema: public; Owner: postgres
--

GRANT SELECT,USAGE ON SEQUENCE public.writing_post_id_seq TO spurser_user;


--
-- PostgreSQL database dump complete
--

